{"gradients/graph_7features.3.weight":{"bins":[0,0],"_type":"histogram","values":[73728]},"gradients/graph_7features.3.bias":{"values":[128],"bins":[0,0],"_type":"histogram"},"gradients/graph_7features.6.weight":{"_type":"histogram","values":[294912],"bins":[0,0]},"gradients/graph_7features.6.bias":{"values":[256],"bins":[0,0],"_type":"histogram"},"val_accuracy":0.08937101910828026,"_runtime":42.143238884,"train_loss":144.0945281982422,"_timestamp":1.738722825189555e+09,"_step":5,"gradients/graph_7features.8.bias":{"_type":"histogram","values":[256],"bins":[0,0]},"gradients/graph_7classifier.0.bias":{"values":[4096],"bins":[0,0],"_type":"histogram"},"val_f1_score":0.016275255534356,"gradients/graph_7classifier.5.weight":{"_type":"histogram","values":[1,0,2,2,1,4,0,1,2,5,4,4,9,13,11,13,35,41,35,48,56,64,87,92,121,149,156,256,355,642,1302,3253,10390,16139,3819,1451,681,379,270,202,163,103,119,91,75,59,46,51,31,24,22,14,21,4,9,10,4,5,2,6,2,1,1,2],"bins":[-0.939619779586792,-0.9112339615821838,-0.8828480839729309,-0.8544622659683228,-0.8260763883590698,-0.7976905703544617,-0.7693046927452087,-0.7409188747406006,-0.7125329971313477,-0.6841471791267395,-0.6557613015174866,-0.6273754835128784,-0.5989896059036255,-0.5706037878990173,-0.5422179102897644,-0.5138320922851562,-0.4854462444782257,-0.45706039667129517,-0.4286745488643646,-0.4002887010574341,-0.37190285325050354,-0.343517005443573,-0.31513115763664246,-0.2867453098297119,-0.25835949182510376,-0.22997362911701202,-0.20158778131008148,-0.17320193350315094,-0.1448161005973816,-0.11643024533987045,-0.08804440498352051,-0.059658557176589966,-0.031272709369659424,-0.002886863425374031,0.02549898251891136,0.053884826600551605,0.08227067440748215,0.11065652221441269,0.13904236257076263,0.16742821037769318,0.19581405818462372,0.22419990599155426,0.2525857388973236,0.28097158670425415,0.3093574345111847,0.33774328231811523,0.3661291301250458,0.3945149779319763,0.42290082573890686,0.4512866735458374,0.47967252135276794,0.5080583691596985,0.5364441871643066,0.5648300647735596,0.5932158827781677,0.6216017603874207,0.6499875783920288,0.6783734560012817,0.7067592740058899,0.7351451516151428,0.763530969619751,0.7919168472290039,0.8203026652336121,0.848688542842865,0.8770743608474731]},"epoch":2,"val_loss":165.24760621672223,"gradients/graph_7features.8.weight":{"bins":[0,0],"_type":"histogram","values":[589824]},"_wandb":{"runtime":42},"gradients/graph_7classifier.5.bias":{"_type":"histogram","values":[1,1,0,0,0,0,1,0,2,1,1,0,0,0,1,1,0,0,0,0,0,0,0,0,0,0,0,0,0,0,0,0,0,0,0,0,0,0,0,0,0,0,0,0,0,0,0,0,0,0,0,0,0,0,0,0,0,0,0,0,0,0,0,1],"bins":[-0.1875,-0.17390407621860504,-0.16030815243721008,-0.14671224355697632,-0.13311631977558136,-0.1195203959941864,-0.10592447966337204,-0.09232856333255768,-0.07873263955116272,-0.06513671576976776,-0.0515407994389534,-0.03794487938284874,-0.02434895932674408,-0.01075303927063942,0.0028428807854652405,0.0164388008415699,0.03003472089767456,0.04363064095377922,0.05722656100988388,0.07082247734069824,0.0844184011220932,0.09801432490348816,0.11161024123430252,0.12520615756511688,0.13880208134651184,0.1523980051279068,0.16599392890930176,0.17958983778953552,0.19318576157093048,0.20678168535232544,0.2203775942325592,0.23397351801395416,0.24756944179534912,0.2611653506755829,0.27476128935813904,0.2883571982383728,0.30195313692092896,0.3155490458011627,0.3291449546813965,0.34274089336395264,0.3563368022441864,0.36993271112442017,0.3835286498069763,0.3971245586872101,0.41072046756744385,0.42431640625,0.43791231513023376,0.4515082538127899,0.4651041626930237,0.47870007157325745,0.4922960102558136,0.5058919191360474,0.5194878578186035,0.5330837368965149,0.546679675579071,0.5602756142616272,0.5738714933395386,0.5874674320220947,0.6010633707046509,0.614659309387207,0.6282551884651184,0.6418511271476746,0.6554470658302307,0.6690429449081421,0.6826388835906982]},"gradients/graph_7classifier.3.bias":{"_type":"histogram","values":[1,4,0,3,3,4,6,7,9,16,9,24,25,21,38,62,56,48,88,94,102,125,146,146,184,182,207,209,220,209,197,170,203,163,152,152,120,107,114,79,79,70,46,37,36,26,20,21,15,10,7,4,5,2,3,4,3,0,1,1,0,0,0,1],"bins":[-5.666449546813965,-5.472929000854492,-5.2794084548950195,-5.085887908935547,-4.892367362976074,-4.698846817016602,-4.505326271057129,-4.311805725097656,-4.118285179138184,-3.924764633178711,-3.7312440872192383,-3.5377235412597656,-3.344202995300293,-3.1506824493408203,-2.9571619033813477,-2.763641357421875,-2.5701208114624023,-2.3766002655029297,-2.183079719543457,-1.9895591735839844,-1.7960386276245117,-1.602518081665039,-1.4089975357055664,-1.2154769897460938,-1.021956443786621,-0.8284358978271484,-0.6349153518676758,-0.4413948059082031,-0.24787425994873047,-0.05435371398925781,0.13916683197021484,0.3326873779296875,0.526207447052002,0.7197279930114746,0.9132485389709473,1.10676908493042,1.3002896308898926,1.4938101768493652,1.687330722808838,1.8808512687683105,2.074371814727783,2.267892360687256,2.4614129066467285,2.654933452606201,2.848453998565674,3.0419745445251465,3.235495090484619,3.429015636444092,3.6225361824035645,3.816056728363037,4.00957727432251,4.203097820281982,4.396618366241455,4.590138912200928,4.7836594581604,4.977180004119873,5.170700550079346,5.364221096038818,5.557741641998291,5.751262187957764,5.944782733917236,6.138303279876709,6.331823825836182,6.525344371795654,6.718864917755127]},"gradients/graph_7classifier.0.weight":{"bins":[0,0],"_type":"histogram","values":[9.437184e+06]},"gradients/graph_7features.0.weight":{"bins":[0,0],"_type":"histogram","values":[576]},"gradients/graph_7classifier.3.weight":{"bins":[0,0],"_type":"histogram","values":[1.6777216e+07]},"gradients/graph_7features.0.bias":{"values":[64],"bins":[0,0],"_type":"histogram"}}