{"gradients/graph_21classifier.0.weight":{"bins":[0,0],"_type":"histogram","values":[9.437184e+06]},"gradients/graph_21features.6.bias":{"values":[256],"bins":[0,0],"_type":"histogram"},"gradients/graph_21features.0.bias":{"_type":"histogram","values":[64],"bins":[0,0]},"train_loss":2.299201488494873,"gradients/graph_21classifier.5.bias":{"bins":[-0.05956587567925453,-0.0573735386133194,-0.05518120154738426,-0.05298886448144913,-0.05079652741551399,-0.04860419034957886,-0.04641185328364372,-0.04421951621770859,-0.04202717915177345,-0.03983484208583832,-0.03764250501990318,-0.03545016795396805,-0.03325783088803291,-0.03106549382209778,-0.028873156756162643,-0.02668081969022751,-0.024488482624292374,-0.02229614555835724,-0.020103808492422104,-0.01791147142648697,-0.015719134360551834,-0.0135267972946167,-0.011334460228681564,-0.00914212316274643,-0.0069497860968112946,-0.00475744903087616,-0.0025651119649410248,-0.0003727748990058899,0.001819562166929245,0.00401189923286438,0.006204236298799515,0.00839657336473465,0.010588914155960083,0.012781251221895218,0.014973588287830353,0.017165925353765488,0.019358262419700623,0.021550599485635757,0.023742936551570892,0.025935273617506027,0.028127610683441162,0.030319947749376297,0.03251228481531143,0.03470462188124657,0.0368969589471817,0.03908929601311684,0.04128163307905197,0.043473970144987106,0.04566630721092224,0.047858644276857376,0.05005098134279251,0.052243318408727646,0.05443565547466278,0.056627992540597916,0.05882032960653305,0.061012666672468185,0.06320500373840332,0.06539733707904816,0.06758967787027359,0.06978201866149902,0.07197435200214386,0.0741666853427887,0.07635902613401413,0.07855136692523956,0.0807437002658844],"_type":"histogram","values":[1,0,0,0,0,0,0,0,0,1,0,0,0,0,0,1,0,0,1,0,0,0,1,0,0,1,0,0,1,0,0,0,0,0,0,1,0,0,0,0,0,0,0,0,0,0,0,0,0,0,0,0,0,1,0,0,0,0,0,0,0,0,0,1]},"gradients/graph_21features.0.weight":{"values":[576],"bins":[0,0],"_type":"histogram"},"val_loss":2.3108165658962956,"val_accuracy":0.10330414012738853,"gradients/graph_21classifier.3.weight":{"_type":"histogram","values":[1.6777216e+07],"bins":[0,0]},"val_f1_score":0.01860763021353757,"_timestamp":1.7387237577123878e+09,"_runtime":70.729122163,"gradients/graph_21classifier.0.bias":{"_type":"histogram","values":[4096],"bins":[0,0]},"_step":9,"gradients/graph_21features.8.weight":{"_type":"histogram","values":[589824],"bins":[0,0]},"gradients/graph_21classifier.3.bias":{"_type":"histogram","values":[1,0,0,0,0,0,0,0,1,1,0,0,0,0,0,0,4,1,2,7,4,12,19,19,41,47,60,85,98,111,128,168,180,184,213,183,182,205,190,173,164,189,220,202,181,197,119,125,110,72,69,35,31,12,15,11,9,3,3,6,1,1,0,2],"bins":[-0.08018370717763901,-0.07809741050004959,-0.07601110637187958,-0.07392480969429016,-0.07183850556612015,-0.06975220888853073,-0.06766590476036072,-0.0655796080827713,-0.06349330395460129,-0.06140700727701187,-0.059320706874132156,-0.05723440647125244,-0.055148106068372726,-0.05306180566549301,-0.050975505262613297,-0.04888920485973358,-0.04680290445685387,-0.04471660405397415,-0.04263030365109444,-0.04054400324821472,-0.03845770284533501,-0.03637140244245529,-0.03428510203957558,-0.03219880163669586,-0.030112503096461296,-0.02802620269358158,-0.025939902290701866,-0.02385360188782215,-0.021767303347587585,-0.01968100294470787,-0.017594702541828156,-0.01550840213894844,-0.013422101736068726,-0.01133580133318901,-0.009249500930309296,-0.007163201458752155,-0.00507690105587244,-0.002990600885823369,-0.0009043007157742977,0.0011819994542747736,0.003268299624323845,0.00535460002720356,0.0074408999644219875,0.009527199901640415,0.01161350030452013,0.013699800707399845,0.015786100178956985,0.0178724005818367,0.019958700984716415,0.02204500138759613,0.024131301790475845,0.02621760219335556,0.028303902596235275,0.03039020113646984,0.032476503401994705,0.03456280380487442,0.03664910048246384,0.03873540088534355,0.04082170128822327,0.04290800169110298,0.0449943020939827,0.04708060249686241,0.049166902899742126,0.05125320330262184,0.053339503705501556]},"epoch":4,"gradients/graph_21features.3.weight":{"_type":"histogram","values":[73728],"bins":[0,0]},"gradients/graph_21features.3.bias":{"_type":"histogram","values":[128],"bins":[0,0]},"_wandb":{"runtime":70},"gradients/graph_21classifier.5.weight":{"bins":[-0.038530461490154266,-0.03740128129720688,-0.03627210482954979,-0.0351429246366024,-0.034013744443655014,-0.032884567975997925,-0.03175538778305054,-0.03062620759010315,-0.02949702925980091,-0.028367850929498672,-0.027238670736551285,-0.026109492406249046,-0.024980314075946808,-0.02385113388299942,-0.02272195555269718,-0.021592775359749794,-0.020463597029447556,-0.019334418699145317,-0.01820523850619793,-0.01707606017589569,-0.015946879982948303,-0.014817701652646065,-0.013688523322343826,-0.012559344060719013,-0.0114301647990942,-0.010300985537469387,-0.009171806275844574,-0.008042627945542336,-0.006913448683917522,-0.005784269422292709,-0.004655090626329184,-0.003525911597535014,-0.0023967325687408447,-0.0012675535399466753,-0.00013837451115250587,0.0009908045176416636,0.002119983546435833,0.0032491625752300024,0.004378341604024172,0.005507520399987698,0.006636699661612511,0.007765878923237324,0.008895058184862137,0.010024236515164375,0.011153415776789188,0.012282595038414001,0.01341177336871624,0.014540952630341053,0.015670131891965866,0.016799310222268105,0.017928490415215492,0.01905766874551773,0.02018684893846512,0.021316027268767357,0.022445205599069595,0.023574385792016983,0.02470356412231922,0.02583274245262146,0.026961922645568848,0.028091100975871086,0.029220279306173325,0.030349459499120712,0.0314786396920681,0.03260781615972519,0.03373699635267258],"_type":"histogram","values":[1,1,0,1,1,3,2,0,3,3,7,2,15,12,9,18,30,32,38,63,89,117,154,189,243,375,442,589,807,1081,1531,2354,3637,6700,9385,4085,2545,1739,1240,841,643,457,351,263,205,157,137,102,69,43,35,22,17,20,16,9,9,5,4,6,1,1,3,1]},"gradients/graph_21features.8.bias":{"_type":"histogram","values":[256],"bins":[0,0]},"gradients/graph_21features.6.weight":{"values":[294912],"bins":[0,0],"_type":"histogram"}}