{"gradients/graph_20features.3.bias":{"values":[128],"bins":[0,0],"_type":"histogram"},"gradients/graph_20classifier.3.bias":{"_type":"histogram","values":[1,0,0,0,1,0,0,0,0,0,0,1,2,1,3,3,3,2,4,8,5,8,14,24,23,49,62,85,124,140,138,208,195,185,176,173,166,173,153,193,186,195,177,195,190,172,146,136,94,72,64,45,32,18,13,10,11,2,2,5,2,2,1,3],"bins":[-0.11568941175937653,-0.11267729103565216,-0.1096651628613472,-0.10665304213762283,-0.10364091396331787,-0.1006287932395935,-0.09761666506528854,-0.09460454434156418,-0.09159241616725922,-0.08858029544353485,-0.08556816726922989,-0.08255604654550552,-0.07954391837120056,-0.0765317976474762,-0.07351966947317123,-0.07050754874944687,-0.0674954205751419,-0.06448329985141754,-0.06147117540240288,-0.058459050953388214,-0.05544692650437355,-0.05243480205535889,-0.04942267760634422,-0.04641055315732956,-0.043398432433605194,-0.04038630798459053,-0.03737418353557587,-0.0343620590865612,-0.03134993463754654,-0.028337810188531876,-0.025325685739517212,-0.022313561290502548,-0.019301436841487885,-0.01628931239247322,-0.013277187943458557,-0.010265064425766468,-0.007252939976751804,-0.004240815527737141,-0.0012286915443837643,0.0017834326718002558,0.004795556887984276,0.0078076813369989395,0.010819805786013603,0.013831929303705692,0.01684405282139778,0.019856177270412445,0.02286830171942711,0.025880426168441772,0.028892550617456436,0.0319046750664711,0.034916799515485764,0.03792892396450043,0.04094104841351509,0.043953172862529755,0.04696529731154442,0.04997742176055908,0.05298954248428345,0.05600166693329811,0.059013791382312775,0.06202591583132744,0.0650380402803421,0.06805016845464706,0.07106228917837143,0.07407441735267639,0.07708653807640076]},"gradients/graph_20features.3.weight":{"_type":"histogram","values":[73728],"bins":[0,0]},"gradients/graph_20features.8.weight":{"bins":[0,0],"_type":"histogram","values":[589824]},"_runtime":70.782748994,"gradients/graph_20classifier.5.weight":{"bins":[-0.06654444336891174,-0.06471032649278641,-0.06287621706724167,-0.06104210019111633,-0.059207987040281296,-0.05737387388944626,-0.05553975701332092,-0.053705643862485886,-0.05187153071165085,-0.05003741756081581,-0.048203304409980774,-0.04636918753385544,-0.0445350743830204,-0.042700961232185364,-0.04086684435606003,-0.03903273120522499,-0.037198618054389954,-0.035364504903554916,-0.03353039175271988,-0.03169627487659454,-0.029862161725759506,-0.02802804857492447,-0.026193933561444283,-0.024359818547964096,-0.02252570539712906,-0.02069159224629402,-0.018857477232813835,-0.01702336221933365,-0.015189249068498611,-0.013355134986341,-0.011521020904183388,-0.009686906822025776,-0.007852792739868164,-0.006018678657710552,-0.00418456457555294,-0.0023504504933953285,-0.0005163364112377167,0.0013177776709198952,0.003151891753077507,0.004986005835235119,0.006820119917392731,0.008654233999550343,0.010488348081707954,0.012322462163865566,0.014156576246023178,0.015990689396858215,0.017824804410338402,0.019658919423818588,0.021493032574653625,0.023327145725488663,0.02516126073896885,0.026995375752449036,0.028829488903284073,0.03066360205411911,0.032497718930244446,0.03433183208107948,0.03616594523191452,0.03800005838274956,0.039834171533584595,0.04166828840970993,0.04350240156054497,0.045336514711380005,0.04717063158750534,0.04900474473834038,0.050838857889175415],"_type":"histogram","values":[1,0,0,0,0,0,0,0,0,0,1,1,1,2,3,4,8,7,10,12,8,17,33,47,75,88,122,194,294,352,589,892,1369,2203,3560,6671,11396,4985,2799,1747,1109,760,475,337,245,162,94,80,59,46,31,19,12,12,7,9,4,3,0,0,0,1,2,2]},"gradients/graph_20classifier.0.weight":{"_type":"histogram","values":[9.437184e+06],"bins":[0,0]},"gradients/graph_20features.8.bias":{"bins":[0,0],"_type":"histogram","values":[256]},"gradients/graph_20classifier.5.bias":{"bins":[-0.07617170363664627,-0.0741761177778244,-0.07218052446842194,-0.07018493860960007,-0.0681893527507782,-0.06619375944137573,-0.06419817358255386,-0.062202583998441696,-0.06020699441432953,-0.05821140855550766,-0.05621581897139549,-0.054220229387283325,-0.052224643528461456,-0.05022905394434929,-0.04823346436023712,-0.04623787850141525,-0.044242288917303085,-0.04224669933319092,-0.04025111347436905,-0.03825552389025688,-0.036259934306144714,-0.034264348447322845,-0.03226875886321068,-0.03027316927909851,-0.028277581557631493,-0.026281993836164474,-0.024286404252052307,-0.02229081653058529,-0.02029522880911827,-0.018299639225006104,-0.016304051503539085,-0.014308462850749493,-0.012312870472669601,-0.010317281819880009,-0.008321693167090416,-0.006326105445623398,-0.004330516792833805,-0.002334928372874856,-0.0003393399529159069,0.0016562484670430422,0.0036518368870019913,0.005647425539791584,0.0076430137269198895,0.009638601914048195,0.011634190566837788,0.01362977921962738,0.0156253669410944,0.017620956525206566,0.019616544246673584,0.021612131968140602,0.02360772155225277,0.025603309273719788,0.027598898857831955,0.029594486579298973,0.03159007430076599,0.03358566388487816,0.035581253468990326,0.037576839327812195,0.03957242891192436,0.04156801849603653,0.0435636043548584,0.045559193938970566,0.04755478352308273,0.0495503693819046,0.05154595896601677],"_type":"histogram","values":[1,0,0,0,0,0,0,0,0,0,0,0,0,0,0,0,0,0,0,0,0,0,2,0,0,0,0,1,0,0,0,0,0,0,0,1,0,0,0,0,0,0,0,0,0,1,0,0,0,0,1,0,0,0,0,0,1,1,0,0,0,0,0,1]},"train_loss":3.3935136795043945,"gradients/graph_20features.6.bias":{"values":[256],"bins":[0,0],"_type":"histogram"},"gradients/graph_20features.6.weight":{"values":[294912],"bins":[0,0],"_type":"histogram"},"val_accuracy":0.09783041401273886,"gradients/graph_20classifier.3.weight":{"values":[1.6777216e+07],"bins":[0,0],"_type":"histogram"},"_wandb":{"runtime":70},"val_loss":3.149992481158797,"_timestamp":1.7387236796728172e+09,"gradients/graph_20features.0.weight":{"values":[576],"bins":[0,0],"_type":"histogram"},"gradients/graph_20features.0.bias":{"values":[64],"bins":[0,0],"_type":"histogram"},"_step":9,"epoch":4,"gradients/graph_20classifier.0.bias":{"bins":[0,0],"_type":"histogram","values":[4096]},"val_f1_score":0.017699528988931977}