{"_timestamp":1.7388362125685217e+09,"best_fusion_accuracy":77.77777777777779,"train_accuracy":0.6728515625,"_wandb":{"runtime":7559},"epoch":24,"test_accuracy":0.7777777777777778,"_step":3059,"test_loss":0.9295201102892557,"evolution_iteration":29,"num_fusion_networks":1,"num_children_generated":-1,"_runtime":7559.73085253,"avg_fusion_accuracy":77.77777777777779,"best_accuracy":70.44444444444444,"train_loss":1.012525634765625,"num_parents_survived":2,"num_backbones_selected":2,"mutate_prob":0.4,"avg_accuracy":53.94444444444444,"crossover_prob":0.8}