{"train_accuracy":0.634765625,"train_loss":1.086513904389881,"best_fusion_accuracy":76.66666666666667,"num_backbones_selected":2,"_runtime":7566.790313459,"test_accuracy":0.76,"_timestamp":1.7388490729372535e+09,"num_parents_survived":2,"evolution_iteration":29,"avg_fusion_accuracy":76.66666666666667,"crossover_prob":0.8,"_wandb":{"runtime":7566},"epoch":24,"num_children_generated":-1,"test_loss":0.984177107281155,"mutate_prob":0.4,"num_fusion_networks":1,"avg_accuracy":53.22222222222223,"best_accuracy":68.88888888888889,"_step":3059}