{"num_parents_survived":2,"_runtime":144.388067571,"mutate_prob":0.4,"avg_accuracy":62.66666666666667,"best_accuracy":85.55555555555556,"num_children_generated":-1,"num_fusion_networks":1,"_wandb":{"runtime":144},"best_fusion_accuracy":85.55555555555556,"num_backbones_selected":2,"evolution_iteration":0,"avg_fusion_accuracy":85.55555555555556,"crossover_prob":0.8,"_timestamp":1.7386424662415197e+09,"_step":2}