{"gradients/graph_11classifier.0.weight":{"values":[9.437184e+06],"bins":[0,0],"_type":"histogram"},"gradients/graph_11features.6.weight":{"values":[294912],"bins":[0,0],"_type":"histogram"},"val_loss":2.3103616647659595,"gradients/graph_11features.3.weight":{"_type":"histogram","values":[73728],"bins":[0,0]},"_wandb":{"runtime":38},"gradients/graph_11classifier.5.weight":{"_type":"histogram","values":[1,0,0,1,1,3,2,2,4,8,15,23,28,27,46,70,100,133,186,251,363,521,800,1128,1666,2662,4149,9516,7855,3890,2393,1666,1036,712,493,363,244,172,124,87,64,47,32,14,18,9,9,4,9,4,4,2,0,0,1,1,0,0,0,0,0,0,0,1],"bins":[-0.01636991836130619,-0.015783680602908134,-0.015197444707155228,-0.014611207880079746,-0.014024971053004265,-0.013438733294606209,-0.012852496467530727,-0.012266259640455246,-0.011680022813379765,-0.011093785986304283,-0.010507549159228802,-0.00992131233215332,-0.009335074573755264,-0.008748837746679783,-0.008162600919604301,-0.00757636409252882,-0.006990127265453339,-0.006403890438377857,-0.005817653611302376,-0.005231416318565607,-0.004645179491490126,-0.004058942664414644,-0.003472705604508519,-0.002886468544602394,-0.0023002317175269127,-0.0017139947740361094,-0.0011277578305453062,-0.000541520887054503,4.471605643630028e-05,0.0006309529999271035,0.0012171899434179068,0.00180342688690871,0.0023896638303995132,0.0029759006574749947,0.0035621377173811197,0.004148374777287245,0.004734611604362726,0.005320848431438208,0.005907085724174976,0.006493322551250458,0.007079559378325939,0.007665796205401421,0.008252033032476902,0.008838269859552383,0.00942450761795044,0.010010744445025921,0.010596981272101402,0.011183218099176884,0.011769454926252365,0.012355691753327847,0.012941928580403328,0.01352816540747881,0.01411440223455429,0.014700639992952347,0.015286876820027828,0.01587311364710331,0.016459349542856216,0.017045587301254272,0.01763182505965233,0.018218060955405235,0.01880429871380329,0.019390534609556198,0.019976772367954254,0.02056300826370716,0.021149246022105217]},"gradients/graph_11features.3.bias":{"_type":"histogram","values":[128],"bins":[0,0]},"_timestamp":1.7387229956301029e+09,"gradients/graph_11features.0.weight":{"values":[576],"bins":[0,0],"_type":"histogram"},"epoch":2,"gradients/graph_11classifier.5.bias":{"_type":"histogram","values":[1,0,0,0,0,0,0,0,0,1,0,0,0,0,0,0,0,0,0,0,0,0,0,2,0,0,0,0,0,1,0,0,0,1,0,0,0,0,0,0,1,0,0,0,0,0,0,0,0,0,0,0,0,0,0,0,0,0,0,1,0,0,0,2],"bins":[-0.062047626823186874,-0.06025722622871399,-0.058466825634241104,-0.05667642503976822,-0.054886024445295334,-0.05309562385082245,-0.05130522698163986,-0.04951482638716698,-0.04772442579269409,-0.04593402519822121,-0.04414362460374832,-0.042353224009275436,-0.04056282341480255,-0.038772422820329666,-0.03698202222585678,-0.035191621631383896,-0.03340122103691101,-0.031610824167728424,-0.02982042171061039,-0.028030022978782654,-0.02623962238430977,-0.024449221789836884,-0.022658821195364,-0.020868420600891113,-0.019078020006418228,-0.017287621274590492,-0.015497220680117607,-0.013706820085644722,-0.011916419491171837,-0.010126019828021526,-0.008335619233548641,-0.006545219104737043,-0.0047548189759254456,-0.0029644188471138477,-0.0011740184854716063,0.0006163817597553134,0.002406782004982233,0.004197182133793831,0.005987582728266716,0.007777982857078314,0.009568382985889912,0.011358783580362797,0.013149183243513107,0.014939583837985992,0.016729984432458878,0.018520385026931763,0.0203107837587595,0.022101184353232384,0.02389158494770527,0.025681985542178154,0.02747238613665104,0.029262784868478775,0.03105318546295166,0.032843586057424545,0.03463398665189743,0.036424387246370316,0.0382147878408432,0.040005188435316086,0.04179558902978897,0.04358598589897156,0.04537638649344444,0.04716678708791733,0.04895718768239021,0.0507475882768631,0.05253798887133598]},"gradients/graph_11features.0.bias":{"_type":"histogram","values":[64],"bins":[0,0]},"gradients/graph_11features.8.weight":{"_type":"histogram","values":[589824],"bins":[0,0]},"_step":5,"gradients/graph_11classifier.0.bias":{"_type":"histogram","values":[1,0,0,0,0,0,0,0,0,0,0,0,0,1,4089,0,0,0,0,1,0,0,0,0,0,0,0,0,0,0,0,0,0,1,1,0,0,0,0,0,0,0,0,0,0,0,0,0,0,0,1,0,0,0,0,0,0,0,0,0,0,0,0,1],"bins":[-0.0649660974740982,-0.060424938797950745,-0.055883776396512985,-0.051342613995075226,-0.046801455318927765,-0.042260296642780304,-0.037719134241342545,-0.033177971839904785,-0.028636813163757324,-0.024095652624964714,-0.019554492086172104,-0.015013331547379494,-0.010472171008586884,-0.005931010469794273,-0.0013898499310016632,0.003151310607790947,0.007692471146583557,0.012233631685376167,0.016774792224168777,0.021315952762961388,0.025857113301753998,0.030398273840546608,0.03493943437933922,0.03948059678077698,0.04402175545692444,0.0485629141330719,0.05310407653450966,0.05764523893594742,0.06218639761209488,0.06672755628824234,0.0712687224149704,0.07580988109111786,0.08035105466842651,0.08489221334457397,0.08943337202072144,0.0939745381474495,0.09851569682359695,0.10305685549974442,0.10759802162647247,0.11213918030261993,0.1166803389787674,0.12122149765491486,0.12576265633106232,0.13030381500720978,0.13484498858451843,0.1393861472606659,0.14392730593681335,0.14846846461296082,0.15300962328910828,0.15755078196525574,0.1620919406414032,0.16663309931755066,0.17117425799369812,0.17571543157100677,0.18025659024715424,0.1847977489233017,0.18933890759944916,0.19388006627559662,0.19842122495174408,0.20296238362789154,0.2075035572052002,0.21204471588134766,0.21658587455749512,0.22112703323364258,0.22566819190979004]},"gradients/graph_11features.8.bias":{"_type":"histogram","values":[256],"bins":[0,0]},"val_accuracy":0.09832802547770701,"val_f1_score":0.017760147517209716,"train_loss":2.3411364555358887,"gradients/graph_11features.6.bias":{"values":[256],"bins":[0,0],"_type":"histogram"},"gradients/graph_11classifier.3.weight":{"_type":"histogram","values":[4,1,2,6,6,2,2,6,7,15,12,25,31,32,45,54,65,76,92,128,138,188,264,322,466,611,815,1243,2077,3235,1.6753246e+07,4589,3028,1925,1160,808,550,441,337,280,192,137,122,82,89,46,39,44,26,30,16,14,8,8,6,5,2,6,1,1,3,1,1,3],"bins":[-0.00048421972314827144,-0.00046856008702889085,-0.00045290045090951025,-0.00043724081479012966,-0.00042158117867074907,-0.0004059215425513685,-0.0003902619064319879,-0.0003746022703126073,-0.00035894266329705715,-0.00034328302717767656,-0.00032762339105829597,-0.00031196375493891537,-0.0002963041188195348,-0.0002806444827001542,-0.0002649848465807736,-0.000249325210461393,-0.0002336655743420124,-0.0002180059382226318,-0.00020234630210325122,-0.00018668666598387063,-0.00017102702986449003,-0.00015536740829702467,-0.00013970777217764407,-0.00012404813605826348,-0.00010838849993888289,-9.27288638195023e-05,-7.70692277001217e-05,-6.140959885669872e-05,-4.574996273731813e-05,-3.009032843692694e-05,-1.4430694136535749e-05,1.228940163855441e-06,1.6888545360416174e-05,3.254818147979677e-05,4.8207813961198553e-05,6.386744644260034e-05,7.952708256198093e-05,9.518671868136153e-05,0.0001108463475247845,0.0001265059836441651,0.0001421656197635457,0.00015782525588292629,0.00017348489200230688,0.00018914452812168747,0.00020480414968915284,0.00022046378580853343,0.00023612342192791402,0.0002517830580472946,0.0002674426941666752,0.0002831023302860558,0.0002987619664054364,0.000314421602524817,0.0003300812386441976,0.0003457408747635782,0.00036140051088295877,0.00037706014700233936,0.0003927197540178895,0.0004083793901372701,0.0004240390262566507,0.0004396986623760313,0.00045535829849541187,0.00047101793461479247,0.00048667757073417306,0.0005023372359573841,0.0005179968429729342]},"_runtime":38.365338536,"gradients/graph_11classifier.3.bias":{"values":[2,1,0,1,0,2,1,7,2,5,4,5,2,11,13,17,21,18,35,50,45,65,76,95,100,126,160,155,190,197,226,235,247,241,235,240,183,159,145,142,102,87,86,80,60,59,43,24,21,17,14,8,10,1,8,8,2,1,1,2,0,1,1,1],