{"gradients/graph_3classifier.3.weight":{"bins":[0,0],"_type":"histogram","values":[1.6777216e+07]},"val_loss":2.5742965628163885,"gradients/graph_3classifier.3.bias":{"_type":"histogram","values":[1,0,0,0,0,1,0,0,1,0,2,5,2,2,7,8,17,16,14,33,42,57,62,83,95,86,104,128,137,151,138,143,143,143,149,148,164,139,153,160,166,140,156,151,119,147,110,109,105,82,59,41,44,35,19,27,9,18,9,7,1,2,2,4],"bins":[-0.2304801195859909,-0.22421638667583466,-0.2179526388645172,-0.21168890595436096,-0.2054251730442047,-0.19916144013404846,-0.1928977072238922,-0.18663395941257477,-0.18037022650241852,-0.17410649359226227,-0.16784274578094482,-0.16157901287078857,-0.15531527996063232,-0.14905154705047607,-0.14278781414031982,-0.13652406632900238,-0.13026033341884613,-0.12399660050868988,-0.11773286014795303,-0.11146911978721619,-0.10520538687705994,-0.09894165396690369,-0.09267791360616684,-0.08641417324542999,-0.08015044033527374,-0.07388670742511749,-0.06762296706438065,-0.0613592304289341,-0.05509549379348755,-0.048831757158041,-0.04256802052259445,-0.0363042838871479,-0.03004053235054016,-0.023776795715093613,-0.017513059079647064,-0.011249322444200516,-0.004985585808753967,0.0012781508266925812,0.00754188746213913,0.013805624097585678,0.020069360733032227,0.026333097368478775,0.032596834003925323,0.03886057063937187,0.04512430727481842,0.05138804391026497,0.05765178054571152,0.06391552090644836,0.07017925381660461,0.07644298672676086,0.08270672708749771,0.08897046744823456,0.09523420035839081,0.10149793326854706,0.1077616736292839,0.11402541399002075,0.120289146900177,0.12655287981033325,0.1328166127204895,0.13908036053180695,0.1453440934419632,0.15160782635211945,0.1578715741634369,0.16413530707359314,0.1703990399837494]},"_step":5,"train_loss":2.453007936477661,"gradients/graph_3features.6.weight":{"_type":"histogram","values":[294912],"bins":[0,0]},"gradients/graph_3features.3.weight":{"values":[73728],"bins":[0,0],"_type":"histogram"},"gradients/graph_3features.0.bias":{"bins":[0,0],"_type":"histogram","values":[64]},"gradients/graph_3classifier.0.bias":{"_type":"histogram","values":[4096],"bins":[0,0]},"gradients/graph_3features.3.bias":{"bins":[0,0],"_type":"histogram","values":[128]},"_runtime":69.421165869,"gradients/graph_3features.8.bias":{"_type":"histogram","values":[256],"bins":[0,0]},"gradients/graph_3classifier.0.weight":{"_type":"histogram","values":[9.437184e+06],"bins":[0,0]},"gradients/graph_3features.6.bias":{"values":[256],"bins":[0,0],"_type":"histogram"},"epoch":2,"gradients/graph_3features.8.weight":{"bins":[0,0],"_type":"histogram","values":[589824]},"gradients/graph_3features.0.weight":{"_type":"histogram","values":[576],"bins":[0,0]},"_timestamp":1.7387223646141872e+09,"gradients/graph_3classifier.5.weight":{"values":[1,2,1,1,0,1,3,1,2,3,5,6,10,13,18,23,29,37,57,80,110,127,176,276,341,501,680,896,1274,1919,2864,4566,9540,5960,3592,2291,1529,1107,812,557,414,297,217,161,126,89,64,37,40,23,24,19,12,6,4,7,2,3,2,0,0,1,0,1],"bins":[-0.09500890970230103,-0.09210740029811859,-0.08920589089393616,-0.08630437403917313,-0.08340286463499069,-0.08050135523080826,-0.07759984582662582,-0.07469833642244339,-0.07179681956768036,-0.06889531016349792,-0.06599380075931549,-0.06309229135513306,-0.06019078195095062,-0.05728926882147789,-0.054387759417295456,-0.05148624628782272,-0.04858473688364029,-0.045683227479457855,-0.04278171434998512,-0.03988020494580269,-0.036978691816329956,-0.03407718241214752,-0.031175673007965088,-0.028274161741137505,-0.02537265047430992,-0.022471139207482338,-0.019569627940654755,-0.01666811853647232,-0.013766607269644737,-0.010865096002817154,-0.007963585667312145,-0.005062074866145849,-0.0021605640649795532,0.0007409467361867428,0.003642457537353039,0.006543968338519335,0.00944547913968563,0.012346990406513214,0.015248500742018223,0.01815001107752323,0.021051522344350815,0.023953033611178398,0.02685454487800598,0.029756054282188416,0.03265756368637085,0.03555907681584358,0.038460586220026016,0.04136209934949875,0.04426360875368118,0.04716511815786362,0.05006663128733635,0.052968140691518784,0.055869653820991516,0.05877116322517395,0.061672672629356384,0.06457418203353882,0.06747569143772125,0.07037720829248428,0.07327871769666672,0.07618022710084915,0.07908173650503159,0.08198324590921402,0.08488476276397705,0.08778627216815948,0.09068778157234192],"_type":"histogram"},"val_f1_score":0.017925724942510442,"val_accuracy":0.09734424920127796,"gradients/graph_3classifier.5.bias":{"_type":"histogram","values":[1,0,0,0,0,0,0,0,0,0,0,0,1,0,0,0,1,0,0,1,0,0,0,0,0,0,0,0,0,0,0,0,0,0,0,0,0,0,0,0,0,0,1,0,1,0,1,0,0,0,0,0,0,1,0,0,0,0,0,0,0,1,0,1],"bins":[-0.1818198263645172,-0.1767812818288803,-0.1717427372932434,-0.1667042076587677,-0.1616656631231308,-0.1566271185874939,-0.1515885889530182,-0.1465500444173813,-0.14151149988174438,-0.13647295534610748,-0.13143441081047058,-0.12639588117599487,-0.12135733664035797,-0.11631879210472107,-0.11128025501966476,-0.10624171793460846,-0.10120317339897156,-0.09616462886333466,-0.09112609177827835,-0.08608755469322205,-0.08104901015758514,-0.07601046562194824,-0.07097192853689194,-0.06593339145183563,-0.06089484691619873,-0.05585630610585213,-0.050817765295505524,-0.04577922448515892,-0.04074068367481232,-0.035702142864465714,-0.03066360205411911,-0.025625061243772507,-0.02058650553226471,-0.015547964721918106,-0.010509423911571503,-0.005470883101224899,-0.0004323422908782959,0.0046061985194683075,0.009644739329814911,0.014683280140161514,0.019721820950508118,0.02476036176085472,0.029798902571201324,0.03483744338154793,0.03987598419189453,0.044914525002241135,0.04995306581258774,0.05499160662293434,0.060030147433280945,0.06506869196891785,0.07010722905397415,0.07514576613903046,0.08018431067466736,0.08522285521030426,0.09026139229536057,0.09529992938041687,0.10033847391605377,0.10537701845169067,0.11041555553674698,0.11545409262180328,0.12049263715744019,0.1255311816930771,0.130569726228714,0.1356082558631897,0.1406468003988266]},"_wandb":{"runtime":69}}