{"train_loss":17.317174911499023,"val_loss":23.313153224386227,"gradients/graph_12features.6.bias":{"bins":[0,0],"_type":"histogram","values":[256]},"gradients/graph_12features.0.weight":{"bins":[0,0],"_type":"histogram","values":[576]},"gradients/graph_12classifier.5.weight":{"_type":"histogram","values":[2,3,5,2,4,11,4,8,13,14,25,24,33,52,58,59,106,134,167,224,299,406,696,1240,2233,4737,10689,9565,4520,2115,1158,677,422,299,212,182,127,83,84,73,50,36,27,24,13,11,10,4,3,4,3,4,2,1,0,0,1,1,0,0,0,0,0,1],"bins":[-0.19886326789855957,-0.19149169325828552,-0.18412011861801147,-0.17674855887889862,-0.16937698423862457,-0.16200540959835052,-0.15463383495807648,-0.14726227521896362,-0.13989070057868958,-0.13251912593841553,-0.12514755129814148,-0.11777598410844803,-0.11040440946817398,-0.10303284227848053,-0.09566126763820648,-0.08828970044851303,-0.08091812580823898,-0.07354655116796494,-0.06617498397827148,-0.058803413063287735,-0.051431842148303986,-0.04406026750802994,-0.03668869659304619,-0.02931712567806244,-0.02194555476307869,-0.01457398384809494,-0.007202412001788616,0.00016915937885642052,0.007540730759501457,0.014912301674485207,0.022283874452114105,0.029655445367097855,0.037027016282081604,0.04439858719706535,0.0517701581120491,0.05914172902703285,0.0665132999420166,0.07388487458229065,0.0812564417719841,0.08862801641225815,0.0959995836019516,0.10337115824222565,0.1107427328824997,0.11811430007219315,0.1254858672618866,0.13285744190216064,0.1402290165424347,0.14760059118270874,0.1549721658229828,0.16234372556209564,0.1697153002023697,0.17708687484264374,0.18445844948291779,0.19183000922203064,0.1992015838623047,0.20657315850257874,0.21394473314285278,0.22131630778312683,0.22868786752223969,0.23605944216251373,0.24343101680278778,0.25080257654190063,0.2581741511821747,0.26554572582244873,0.2729173004627228]},"gradients/graph_12classifier.0.bias":{"bins":[0,0],"_type":"histogram","values":[4096]},"gradients/graph_12classifier.0.weight":{"bins":[0,0],"_type":"histogram","values":[9.437184e+06]},"gradients/graph_12classifier.5.bias":{"_type":"histogram","values":[1,1,0,1,1,0,3,0,1,0,0,0,0,0,0,0,0,0,0,0,0,0,0,0,0,0,0,0,0,0,0,0,0,0,0,0,0,0,0,0,0,0,0,0,1,0,0,0,0,0,0,0,0,0,0,0,0,0,0,0,0,0,0,1],"bins":[-0.14062102138996124,-0.13104715943336487,-0.1214732900261879,-0.11189942061901093,-0.10232555866241455,-0.09275168925523758,-0.08317781984806061,-0.07360395789146423,-0.06403008848428726,-0.05445622280240059,-0.044882357120513916,-0.035308487713336945,-0.02573462203145027,-0.0161607563495636,-0.006586888805031776,0.002986977808177471,0.012560844421386719,0.02213471010327339,0.031708575785160065,0.041282445192337036,0.05085631087422371,0.06043017655611038,0.07000404596328735,0.07957790791988373,0.0891517773270607,0.09872564673423767,0.10829950869083405,0.11787337809801102,0.127447247505188,0.13702110946178436,0.14659497141838074,0.1561688482761383,0.16574272513389587,0.17531658709049225,0.18489046394824982,0.1944643259048462,0.20403818786144257,0.21361206471920013,0.2231859266757965,0.23275978863239288,0.24233365058898926,0.2519075274467468,0.2614814043045044,0.2710552513599396,0.28062912821769714,0.2902030050754547,0.2997768521308899,0.30935072898864746,0.31892460584640503,0.3284984529018402,0.3380723297595978,0.34764617681503296,0.3572200536727905,0.3667939305305481,0.3763677775859833,0.38594165444374084,0.3955155313014984,0.4050893783569336,0.41466325521469116,0.42423713207244873,0.4338109791278839,0.4433848559856415,0.45295873284339905,0.46253257989883423,0.4721064567565918]},"gradients/graph_12classifier.3.bias":{"_type":"histogram","values":[1,0,1,1,3,8,11,23,33,48,79,133,153,158,242,231,232,189,151,114,78,43,39,27,8,3,4,3,4,2,9,7,5,5,4,1,5,5,4,5,7,9,12,16,23,48,90,120,147,194,235,225,199,177,152,114,74,72,49,25,16,11,4,5],"bins":[-4.5321879386901855,-4.3972673416137695,-4.2623467445373535,-4.1274261474609375,-3.9925053119659424,-3.8575847148895264,-3.7226641178131104,-3.5877435207366943,-3.452822685241699,-3.317902088165283,-3.182981491088867,-3.048060894012451,-2.913140296936035,-2.778219699859619,-2.643298864364624,-2.508378267288208,-2.373457670211792,-2.238537073135376,-2.10361647605896,-1.9686957597732544,-1.8337750434875488,-1.6988544464111328,-1.5639338493347168,-1.4290131330490112,-1.2940925359725952,-1.1591719388961792,-1.0242512226104736,-0.8893306255340576,-0.7544099688529968,-0.619489312171936,-0.48456868529319763,-0.34964805841445923,-0.21472740173339844,-0.07980675995349884,0.05511388182640076,0.19003452360630035,0.32495516538619995,0.45987582206726074,0.5947964191436768,0.7297170758247375,0.8646377325057983,0.9995583891868591,1.13447904586792,1.269399642944336,1.404320240020752,1.5392409563064575,1.6741615533828735,1.809082269668579,1.9440028667449951,2.078923463821411,2.213844060897827,2.3487648963928223,2.4836854934692383,2.6186060905456543,2.7535266876220703,2.8884472846984863,3.0233678817749023,3.1582887172698975,3.2932093143463135,3.4281299114227295,3.5630505084991455,3.6979711055755615,3.8328919410705566,3.9678125381469727,4.102733135223389]},"_step":19,"gradients/graph_12features.3.weight":{"bins":[0,0],"_type":"histogram","values":[73728]},"gradients/graph_12classifier.3.weight":{"bins":[0,0],"_type":"histogram","values":[1.6777216e+07]},"gradients/graph_12features.8.weight":{"bins":[0,0],"_type":"histogram","values":[589824]},"gradients/graph_12features.3.bias":{"bins":[0,0],"_type":"histogram","values":[128]},"_wandb":{"runtime":141},"_timestamp":1.7387231406815379e+09,"gradients/graph_12features.6.weight":{"_type":"histogram","values":[294912],"bins":[0,0]},"_runtime":141.560502018,"val_f1_score":0.0184543375185975,"gradients/graph_12features.0.bias":{"values":[64],"bins":[0,0],"_type":"histogram"},"val_accuracy":0.10260748407643312,"gradients/graph_12features.8.bias":{"values":[256],"bins":[0,0],"_type":"histogram"},"epoch":9}