{"gradients/graph_23features.6.bias":{"_type":"histogram","values":[256],"bins":[0,0]},"gradients/graph_23classifier.3.weight":{"bins":[0,0],"_type":"histogram","values":[1.6777216e+07]},"_runtime":40.846459585,"val_f1_score":0.0184543375185975,"gradients/graph_23classifier.5.weight":{"_type":"histogram","values":[1,0,0,1,0,1,0,1,0,0,0,0,1,4,3,7,8,10,11,15,27,31,48,64,69,93,116,158,198,293,375,633,1110,2291,4873,13224,8673,3815,1923,1013,579,347,236,186,127,97,66,63,44,36,17,19,12,10,6,5,7,3,4,2,0,2,1,1],"bins":[-2.335023880004883,-2.2698657512664795,-2.204707384109497,-2.1395492553710938,-2.0743908882141113,-2.009232759475708,-1.9440745115280151,-1.8789162635803223,-1.813758134841919,-1.748599886894226,-1.6834416389465332,-1.6182833909988403,-1.5531251430511475,-1.4879668951034546,-1.4228087663650513,-1.3576505184173584,-1.2924922704696655,-1.2273340225219727,-1.1621757745742798,-1.0970176458358765,-1.0318593978881836,-0.9667011499404907,-0.9015429019927979,-0.8363847136497498,-0.7712264657020569,-0.706068217754364,-0.6409100294113159,-0.575751781463623,-0.5105935335159302,-0.4454353451728821,-0.3802770972251892,-0.3151188790798187,-0.2499605417251587,-0.1848023235797882,-0.11964409053325653,-0.05448586493730545,0.01067236065864563,0.07583058625459671,0.1409888118505478,0.20614704489707947,0.27130526304244995,0.33646348118782043,0.4016216993331909,0.4667799472808838,0.5319381952285767,0.5970963835716248,0.6622546315193176,0.7274128198623657,0.7925710678100586,0.8577293157577515,0.9228875041007996,0.9880457520484924,1.0532039403915405,1.1183621883392334,1.1835204362869263,1.2486786842346191,1.3138368129730225,1.3789950609207153,1.4441533088684082,1.509311556816101,1.574469804763794,1.6396280527114868,1.7047861814498901,1.769944429397583,1.8351026773452759]},"gradients/graph_23classifier.5.bias":{"bins":[-0.140625,-0.130859375,-0.12109375,-0.111328125,-0.1015625,-0.091796875,-0.08203125,-0.072265625,-0.0625,-0.052734375,-0.04296875,-0.033203125,-0.0234375,-0.013671875,-0.00390625,0.005859375,0.015625,0.025390625,0.03515625,0.044921875,0.0546875,0.064453125,0.07421875,0.083984375,0.09375,0.103515625,0.11328125,0.123046875,0.1328125,0.142578125,0.15234375,0.162109375,0.171875,0.181640625,0.19140625,0.201171875,0.2109375,0.220703125,0.23046875,0.240234375,0.25,0.259765625,0.26953125,0.279296875,0.2890625,0.298828125,0.30859375,0.318359375,0.328125,0.337890625,0.34765625,0.357421875,0.3671875,0.376953125,0.38671875,0.396484375,0.40625,0.416015625,0.42578125,0.435546875,0.4453125,0.455078125,0.46484375,0.474609375,0.484375],"_type":"histogram","values":[1,1,0,1,2,0,1,0,1,0,0,0,1,0,0,0,0,0,0,0,0,0,0,0,0,0,0,0,0,0,0,0,0,0,0,0,0,0,1,0,0,0,0,0,0,0,0,0,0,0,0,0,0,0,0,0,0,0,0,0,0,0,0,1]},"epoch":2,"_timestamp":1.7387238691335838e+09,"_wandb":{"runtime":40},"gradients/graph_23features.6.weight":{"_type":"histogram","values":[294912],"bins":[0,0]},"gradients/graph_23classifier.3.bias":{"_type":"histogram","values":[2,0,0,1,2,5,5,6,6,14,15,16,26,24,35,42,46,64,56,70,96,107,131,122,147,157,179,178,226,234,222,225,200,193,179,156,147,118,122,90,71,64,55,55,45,31,26,20,18,14,6,7,2,9,5,0,0,0,2,0,0,1,0,1],"bins":[-17.36939811706543,-16.793655395507812,-16.217912673950195,-15.642169952392578,-15.066427230834961,-14.49068546295166,-13.914942741394043,-13.339200019836426,-12.763457298278809,-12.187714576721191,-11.611971855163574,-11.036229133605957,-10.460487365722656,-9.884744644165039,-9.309001922607422,-8.733259201049805,-8.157516479492188,-7.58177375793457,-7.006031036376953,-6.430288791656494,-5.854546070098877,-5.27880334854126,-4.703061103820801,-4.127318382263184,-3.5515756607055664,-2.975832939147949,-2.400090456008911,-1.8243478536605835,-1.2486052513122559,-0.6728626489639282,-0.09712004661560059,0.47862255573272705,1.0543670654296875,1.6301096677780151,2.2058522701263428,2.781594753265381,3.357337474822998,3.9330801963806152,4.508822441101074,5.084565162658691,5.660307884216309,6.236050605773926,6.811793327331543,7.387535572052002,7.963278293609619,8.539020538330078,9.114763259887695,9.690505981445312,10.26624870300293,10.841991424560547,11.417734146118164,11.993476867675781,12.569219589233398,13.1449613571167,13.720704078674316,14.296446800231934,14.87218952178955,15.447932243347168,16.02367401123047,16.599416732788086,17.175159454345703,17.75090217590332,18.326644897460938,18.902387619018555,19.478130340576172]},"gradients/graph_23classifier.0.weight":{"values":[9.437184e+06],"bins":[0,0],"_type":"histogram"},"val_loss":1091.2544598427548,"gradients/graph_23features.3.weight":{"_type":"histogram","values":[73728],"bins":[0,0]},"_step":5,"val_accuracy":0.10260748407643312,"gradients/graph_23features.0.bias":{"_type":"histogram","values":[64],"bins":[0,0]},"train_loss":1175.6917724609375,"gradients/graph_23features.0.weight":{"values":[576],"bins":[0,0],"_type":"histogram"},"gradients/graph_23features.3.bias":{"_type":"histogram","values":[128],"bins":[0,0]},"gradients/graph_23classifier.0.bias":{"bins":[0,0],"_type":"histogram","values":[4096]},"gradients/graph_23features.8.weight":{"_type":"histogram","values":[589824],"bins":[0,0]},"gradients/graph_23features.8.bias":{"bins":[0,0],"_type":"histogram","values":[256]}}