{"gradients/graph_6features.8.bias":{"bins":[0,0],"_type":"histogram","values":[256]},"_step":19,"gradients/graph_6features.3.bias":{"bins":[0,0],"_type":"histogram","values":[128]},"gradients/graph_6classifier.0.bias":{"bins":[0,0],"_type":"histogram","values":[4096]},"gradients/graph_6features.0.bias":{"_type":"histogram","values":[64],"bins":[0,0]},"gradients/graph_6classifier.5.bias":{"_type":"histogram","values":[1,1,1,0,0,0,0,0,3,0,0,0,0,0,1,1,0,0,0,0,0,0,0,0,0,0,0,0,0,0,0,0,1,0,0,0,0,0,0,0,0,0,0,0,0,0,0,0,0,0,0,0,0,0,0,0,0,0,0,0,0,0,0,1],"bins":[-0.171875,-0.160888671875,-0.14990234375,-0.138916015625,-0.1279296875,-0.116943359375,-0.10595703125,-0.094970703125,-0.083984375,-0.072998046875,-0.06201171875,-0.051025390625,-0.0400390625,-0.029052734375,-0.01806640625,-0.007080078125,0.00390625,0.014892578125,0.02587890625,0.036865234375,0.0478515625,0.058837890625,0.06982421875,0.080810546875,0.091796875,0.102783203125,0.11376953125,0.124755859375,0.1357421875,0.146728515625,0.15771484375,0.168701171875,0.1796875,0.190673828125,0.20166015625,0.212646484375,0.2236328125,0.234619140625,0.24560546875,0.256591796875,0.267578125,0.278564453125,0.28955078125,0.300537109375,0.3115234375,0.322509765625,0.33349609375,0.344482421875,0.35546875,0.366455078125,0.37744140625,0.388427734375,0.3994140625,0.410400390625,0.42138671875,0.432373046875,0.443359375,0.454345703125,0.46533203125,0.476318359375,0.4873046875,0.498291015625,0.50927734375,0.520263671875,0.53125]},"val_loss":2.768150492518726e+11,"_runtime":142.06997256,"epoch":9,"_wandb":{"runtime":142},"val_f1_score":0.017401336543520857,"gradients/graph_6features.6.weight":{"bins":[0,0],"_type":"histogram","values":[294912]},"gradients/graph_6features.8.weight":{"_type":"histogram","values":[589824],"bins":[0,0]},"val_accuracy":0.09593949044585988,"gradients/graph_6classifier.5.weight":{"_type":"histogram","values":[1,0,0,0,1,0,0,0,2,1,2,4,4,5,7,7,20,17,24,32,45,57,62,69,99,145,188,260,418,656,1285,2461,4990,15523,7355,3115,1605,852,482,287,220,177,96,88,66,57,41,29,18,22,12,12,15,12,5,4,1,1,0,0,1,0,1,1],"bins":[-5.273122787475586,-5.116572380065918,-4.96002197265625,-4.803471088409424,-4.646920680999756,-4.490370273590088,-4.33381986618042,-4.177268981933594,-4.020718574523926,-3.864168167114258,-3.70761775970459,-3.5510671138763428,-3.394516706466675,-3.2379660606384277,-3.0814156532287598,-2.9248650074005127,-2.7683145999908447,-2.6117641925811768,-2.4552135467529297,-2.2986631393432617,-2.1421124935150146,-1.9855620861053467,-1.8290115594863892,-1.6724610328674316,-1.5159105062484741,-1.3593599796295166,-1.202809453010559,-1.0462589263916016,-0.8897084593772888,-0.7331579327583313,-0.5766074657440186,-0.42005693912506104,-0.2635064125061035,-0.10695590078830719,0.049594610929489136,0.20614512264728546,0.3626956343650818,0.5192461609840393,0.675796627998352,0.8323471546173096,0.9888976812362671,1.1454482078552246,1.3019987344741821,1.4585492610931396,1.6150996685028076,1.7716501951217651,1.9282007217407227,2.0847513675689697,2.2413017749786377,2.3978521823883057,2.5544028282165527,2.7109532356262207,2.8675038814544678,3.0240542888641357,3.180604934692383,3.337155342102051,3.4937057495117188,3.650256395339966,3.806806802749634,3.963357448577881,4.119907855987549,4.276458263397217,4.433009147644043,4.589559555053711,4.746109962463379]},"_timestamp":1.738722778656599e+09,"gradients/graph_6classifier.0.weight":{"_type":"histogram","values":[9.437184e+06],"bins":[0,0]},"gradients/graph_6features.6.bias":{"bins":[0,0],"_type":"histogram","values":[256]},"gradients/graph_6features.3.weight":{"bins":[0,0],"_type":"histogram","values":[73728]},"gradients/graph_6classifier.3.bias":{"_type":"histogram","values":[1,0,0,0,0,1,0,0,0,0,0,2,3,1,2,4,9,11,14,18,19,29,37,57,73,91,120,137,158,178,238,245,233,255,280,271,257,241,217,175,145,124,115,79,70,43,36,27,31,12,9,9,7,4,2,2,2,0,1,0,0,0,0,1],"bins":[-73.2560043334961,-71.11363983154297,-68.97127532958984,-66.82891082763672,-64.6865463256836,-62.54418182373047,-60.401817321777344,-58.25945281982422,-56.117088317871094,-53.97472381591797,-51.832359313964844,-49.68999481201172,-47.547630310058594,-45.40526580810547,-43.262901306152344,-41.12053680419922,-38.978172302246094,-36.83580780029297,-34.693443298339844,-32.55107879638672,-30.408714294433594,-28.26634979248047,-26.123985290527344,-23.98162078857422,-21.839256286621094,-19.69689178466797,-17.554527282714844,-15.412162780761719,-13.269798278808594,-11.127433776855469,-8.985069274902344,-6.842704772949219,-4.700347900390625,-2.5579833984375,-0.415618896484375,1.72674560546875,3.869110107421875,6.011474609375,8.153839111328125,10.29620361328125,12.438568115234375,14.5809326171875,16.723297119140625,18.86566162109375,21.008026123046875,23.150390625,25.292755126953125,27.43511962890625,29.577484130859375,31.7198486328125,33.862213134765625,36.00457763671875,38.146942138671875,40.289306640625,42.431671142578125,44.57403564453125,46.716400146484375,48.8587646484375,51.001129150390625,53.14349365234375,55.285858154296875,57.42822265625,59.570587158203125,61.71295166015625,63.855316162109375]},"gradients/graph_6features.0.weight":{"values":[576],"bins":[0,0],"_type":"histogram"},"gradients/graph_6classifier.3.weight":{"_type":"histogram","values":[1.6777216e+07],"bins":[0,0]},"train_loss":5.79505422336e+11}