{"gradients/graph_4features.6.weight":{"_type":"histogram","values":[294912],"bins":[0,0]},"gradients/graph_4classifier.0.weight":{"_type":"histogram","values":[9.437184e+06],"bins":[0,0]},"gradients/graph_4features.0.weight":{"_type":"histogram","values":[576],"bins":[0,0]},"gradients/graph_4classifier.5.weight":{"_type":"histogram","values":[1,0,0,1,1,0,1,0,2,0,0,1,2,2,5,7,6,7,9,25,30,38,73,82,160,269,422,858,1938,6319,22651,4662,1589,744,395,219,145,94,60,44,29,21,10,9,10,3,4,0,3,2,2,0,0,1,2,0,0,1,0,0,0,0,0,1],"bins":[-0.013530993834137917,-0.013085896149277687,-0.012640798464417458,-0.012195699848234653,-0.011750602163374424,-0.011305504478514194,-0.01086040586233139,-0.010415308177471161,-0.009970210492610931,-0.009525112807750702,-0.009080015122890472,-0.008634916506707668,-0.008189818821847439,-0.007744721136987209,-0.0072996229864656925,-0.006854524835944176,-0.006409427151083946,-0.005964329466223717,-0.0055192313157022,-0.005074133165180683,-0.004629035480320454,-0.004183937795460224,-0.0037388396449387074,-0.003293741727247834,-0.002848643809556961,-0.002403545891866088,-0.0019584479741752148,-0.0015133500564843416,-0.0010682521387934685,-0.0006231542211025953,-0.00017805630341172218,0.00026704161427915096,0.0007121395319700241,0.0011572374496608973,0.0016023353673517704,0.0020474332850426435,0.0024925312027335167,0.00293762912042439,0.003382727038115263,0.003827824955806136,0.004272922873497009,0.004718020558357239,0.005163118708878756,0.005608216859400272,0.006053314544260502,0.006498412229120731,0.006943510379642248,0.007388608530163765,0.007833706215023994,0.008278803899884224,0.008723901584744453,0.009169000200927258,0.009614097885787487,0.010059195570647717,0.01050429418683052,0.01094939187169075,0.01139448955655098,0.011839587241411209,0.012284684926271439,0.012729783542454243,0.013174881227314472,0.013619978912174702,0.014065077528357506,0.014510175213217735,0.014955272898077965]},"epoch":9,"gradients/graph_4features.8.weight":{"values":[589824],"bins":[0,0],"_type":"histogram"},"gradients/graph_4features.0.bias":{"values":[64],"bins":[0,0],"_type":"histogram"},"gradients/graph_4features.3.bias":{"_type":"histogram","values":[128],"bins":[0,0]},"gradients/graph_4classifier.3.bias":{"_type":"histogram","values":[1,0,0,0,0,0,0,0,0,0,0,1,0,0,0,0,1,0,2,5,1,8,9,14,22,28,52,69,103,165,246,420,675,777,559,341,199,140,88,63,30,19,22,10,12,3,7,0,0,1,0,2,0,0,0,0,0,0,0,0,0,0,0,1],"bins":[-0.12209771573543549,-0.11843100935220718,-0.11476429551839828,-0.11109758913516998,-0.10743087530136108,-0.10376416891813278,-0.10009746253490448,-0.09643074870109558,-0.09276404231786728,-0.08909732848405838,-0.08543062210083008,-0.08176391571760178,-0.07809720188379288,-0.07443049550056458,-0.07076378166675568,-0.06709707528352737,-0.06343036890029907,-0.05976365506649017,-0.05609694495797157,-0.05243023857474327,-0.04876352846622467,-0.04509681835770607,-0.04143010824918747,-0.03776339814066887,-0.03409668803215027,-0.030429979786276817,-0.026763271540403366,-0.023096561431884766,-0.019429851323366165,-0.015763143077492714,-0.012096432968974113,-0.008429723791778088,-0.004763014614582062,-0.0010963052045553923,0.0025704042054712772,0.00623711384832859,0.009903823025524616,0.013570532202720642,0.017237242311239243,0.020903950557112694,0.024570660665631294,0.028237370774149895,0.031904079020023346,0.035570789128541946,0.03923749923706055,0.04290420934557915,0.04657091572880745,0.05023762583732605,0.05390433594584465,0.05757104605436325,0.06123775616288185,0.06490446627140045,0.06857117265462875,0.07223788648843765,0.07590459287166595,0.07957129925489426,0.08323801308870316,0.08690471947193146,0.09057143330574036,0.09423813968896866,0.09790484607219696,0.10157155990600586,0.10523826628923416,0.10890498012304306,0.11257168650627136]},"_wandb":{"runtime":124},"val_loss":2.3985730174240794,"_runtime":124.553022732,"gradients/graph_4classifier.3.weight":{"bins":[0,0],"_type":"histogram","values":[1.6777216e+07]},"gradients/graph_4features.6.bias":{"bins":[0,0],"_type":"histogram","values":[256]},"val_f1_score":0.020238904283806657,"train_loss":2.3849198818206787,"gradients/graph_4classifier.5.bias":{"values":[1,0,0,1,0,1,0,0,0,1,0,1,0,0,0,1,0,0,1,0,1,0,0,0,0,0,0,0,0,0,0,0,0,1,0,0,0,0,0,0,0,0,0,0,0,0,0,0,0,0,0,0,0,0,0,0,0,0,0,0,0,0,0,1],"bins":[-0.06850217282772064,-0.06474614143371582,-0.060990110039711,-0.05723407864570618,-0.053478047251701355,-0.04972201585769653,-0.04596598446369171,-0.04220995306968689,-0.03845392167568207,-0.03469788655638695,-0.030941857025027275,-0.027185825631022453,-0.023429792374372482,-0.01967376098036766,-0.01591772958636284,-0.012161698192358017,-0.008405666798353195,-0.004649635404348373,-0.0008936035446822643,0.002862428082153201,0.0066184597089886665,0.010374491102993488,0.014130523428320885,0.017886554822325706,0.021642586216330528,0.02539861761033535,0.029154649004340172,0.03291068226099014,0.036666713654994965,0.040422745048999786,0.04417877644300461,0.04793480783700943,0.05169083923101425,0.055446870625019073,0.059202902019023895,0.06295893341302872,0.06671496480703354,0.07047099620103836,0.07422702759504318,0.077983058989048,0.08173909038305283,0.08549512177705765,0.08925115317106247,0.09300718456506729,0.09676321595907211,0.10051924735307693,0.10427527874708176,0.10803131014108658,0.111787348985672,0.11554338037967682,0.11929941177368164,0.12305544316768646,0.12681147456169128,0.1305675059556961,0.13432353734970093,0.13807956874370575,0.14183560013771057,0.1455916315317154,0.14934766292572021,0.15310369431972504,0.15685972571372986,0.16061575710773468,0.1643717885017395,0.16812781989574432,0.17188385128974915],"_type":"histogram"},"val_accuracy":0.11355493630573249,"_timestamp":1.7387224953176036e+09,"gradients/graph_4features.8.bias":{"values":[256],"bins":[0,0],"_type":"histogram"},"_step":19,"gradients/graph_4classifier.0.bias":{"bins":[0,0],"_type":"histogram","values":[4096]},"gradients/graph_4features.3.weight":{"values":[73728],"bins":[0,0],"_type":"histogram"}}