{"_wandb":{"runtime":4119},"_step":3059,"num_backbones_selected":2,"train_accuracy":0.994140625,"best_fusion_accuracy":92.44444444444444,"best_accuracy":83.33333333333334,"train_loss":0.3773480442592076,"num_parents_survived":2,"crossover_prob":0.8,"mutate_prob":0.4,"avg_fusion_accuracy":92.44444444444444,"num_children_generated":-1,"test_accuracy":0.9244444444444444,"avg_accuracy":62.111111111111114,"test_loss":0.6306256675720214,"epoch":24,"_timestamp":1.7386606723550189e+09,"_runtime":4119.294441634,"evolution_iteration":29,"num_fusion_networks":1}