{"mutate_prob":0.4,"num_children_generated":-1,"best_fusion_accuracy":92.44444444444444,"_runtime":4124.260152155,"avg_accuracy":62.111111111111114,"_wandb":{"runtime":4124},"num_parents_survived":2,"_timestamp":1.738646883429395e+09,"evolution_iteration":29,"avg_fusion_accuracy":92.44444444444444,"num_fusion_networks":1,"_step":119,"num_backbones_selected":2,"best_accuracy":83.33333333333334,"crossover_prob":0.8}