{"_timestamp":1.7387241387518568e+09,"gradients/graph_28classifier.3.bias":{"values":[1,2,0,3,5,4,5,7,11,15,21,15,21,27,37,41,58,69,95,114,125,158,150,216,217,189,170,124,94,44,49,88,161,215,219,205,187,177,147,116,87,67,73,55,48,26,27,26,18,21,8,15,9,4,6,0,3,0,0,0,0,0,0,1],"bins":[-0.5477045178413391,-0.5293323397636414,-0.5109601616859436,-0.49258798360824585,-0.4742158055305481,-0.45584359765052795,-0.4374714195728302,-0.41909924149513245,-0.4007270634174347,-0.38235488533973694,-0.3639827072620392,-0.34561052918434143,-0.3272383213043213,-0.30886614322662354,-0.2904939651489258,-0.272121787071228,-0.2537496089935303,-0.23537743091583252,-0.21700525283813477,-0.19863305985927582,-0.18026088178157806,-0.1618887037038803,-0.14351651072502136,-0.1251443326473236,-0.10677215456962585,-0.0883999764919281,-0.07002779096364975,-0.0516556091606617,-0.033283427357673645,-0.014911245554685593,0.0034609362483024597,0.021833118051290512,0.040205299854278564,0.05857748165726662,0.07694966346025467,0.09532184898853302,0.11369402706623077,0.13206620514392853,0.15043839812278748,0.16881057620048523,0.18718275427818298,0.20555493235588074,0.2239271104335785,0.24229930341243744,0.2606714963912964,0.27904367446899414,0.2974158525466919,0.31578803062438965,0.3341602087020874,0.35253238677978516,0.3709045648574829,0.38927674293518066,0.4076489210128784,0.42602112889289856,0.4443933069705963,0.46276548504829407,0.4811376631259918,0.4995098412036896,0.5178820490837097,0.5362542271614075,0.5546264052391052,0.572998583316803,0.5913707613945007,0.6097429394721985,0.6281151175498962],"_type":"histogram"},"gradients/graph_28classifier.3.weight":{"_type":"histogram","values":[1.6777216e+07],"bins":[0,0]},"gradients/graph_28features.6.weight":{"bins":[0,0],"_type":"histogram","values":[294912]},"val_loss":3.4032406169138136,"_runtime":42.80603361,"gradients/graph_28features.8.bias":{"_type":"histogram","values":[256],"bins":[0,0]},"val_accuracy":0.09832802547770701,"gradients/graph_28features.8.weight":{"values":[589824],"bins":[0,0],"_type":"histogram"},"gradients/graph_28classifier.5.bias":{"_type":"histogram","values":[1,0,1,0,0,1,0,0,0,0,0,1,0,1,0,0,0,0,0,0,0,0,0,0,0,0,0,0,1,0,0,0,0,0,0,0,0,0,0,1,0,0,0,0,0,1,0,0,0,0,0,0,0,0,0,0,0,0,0,1,0,0,0,1],"bins":[-0.12658454477787018,-0.12187416851520538,-0.11716379970312119,-0.11245343089103699,-0.10774305462837219,-0.1030326783657074,-0.0983223095536232,-0.093611940741539,-0.0889015644788742,-0.08419118821620941,-0.07948081940412521,-0.07477045059204102,-0.07006007432937622,-0.06534969806671143,-0.06063932925462723,-0.05592895671725273,-0.051218584179878235,-0.04650821164250374,-0.04179783910512924,-0.037087466567754745,-0.03237709403038025,-0.027666721493005753,-0.022956348955631256,-0.01824597641825676,-0.013535603880882263,-0.008825231343507767,-0.00411485880613327,0.0005955137312412262,0.005305886268615723,0.010016258805990219,0.014726631343364716,0.019437003880739212,0.024147361516952515,0.02885773405432701,0.03356810659170151,0.038278479129076004,0.0429888516664505,0.047699224203825,0.05240959674119949,0.05711996927857399,0.061830341815948486,0.06654071807861328,0.07125108689069748,0.07596145570278168,0.08067183196544647,0.08538220822811127,0.09009257704019547,0.09480294585227966,0.09951332211494446,0.10422369837760925,0.10893406718969345,0.11364443600177765,0.11835481226444244,0.12306518852710724,0.12777554988861084,0.13248592615127563,0.13719630241394043,0.14190667867660522,0.14661705493927002,0.15132741630077362,0.15603779256343842,0.1607481688261032,0.1654585301876068,0.1701689064502716,0.1748792827129364]},"gradients/graph_28features.0.weight":{"values":[576],"bins":[0,0],"_type":"histogram"},"val_f1_score":0.017760147517209716,"gradients/graph_28features.3.bias":{"_type":"histogram","values":[128],"bins":[0,0]},"epoch":2,"_wandb":{"runtime":42},"gradients/graph_28features.0.bias":{"_type":"histogram","values":[64],"bins":[0,0]},"train_loss":3.166644334793091,"gradients/graph_28features.6.bias":{"_type":"histogram","values":[256],"bins":[0,0]},"gradients/graph_28features.3.weight":{"_type":"histogram","values":[73728],"bins":[0,0]},"gradients/graph_28classifier.0.weight":{"values":[9.437184e+06],"bins":[0,0],"_type":"histogram"},"gradients/graph_28classifier.0.bias":{"_type":"histogram","values":[4096],"bins":[0,0]},"_step":5,"gradients/graph_28classifier.5.weight":{"_type":"histogram","values":[1,0,0,0,1,1,2,4,7,9,8,21,25,43,55,65,75,155,186,283,414,633,804,1236,1779,2643,3705,6239,8549,4404,2996,1969,1411,1020,670,461,291,228,168,131,81,51,49,24,21,11,7,8,6,3,2,0,1,1,1,1,0,0,0,0,0,0,0,1],"bins":[-0.07418745756149292,-0.07155566662549973,-0.06892386823892593,-0.06629207730293274,-0.06366027891635895,-0.06102848798036575,-0.05839669704437256,-0.055764902383089066,-0.05313310772180557,-0.05050131306052208,-0.047869518399238586,-0.04523772746324539,-0.0426059328019619,-0.039974138140678406,-0.03734234720468521,-0.03471055254340172,-0.032078757882118225,-0.029446963220834732,-0.026815170422196388,-0.024183377623558044,-0.02155158296227455,-0.01891978830099106,-0.016287995502352715,-0.013656201772391796,-0.011024408042430878,-0.00839261431246996,-0.005760820582509041,-0.0031290268525481224,-0.000497233122587204,0.0021345606073737144,0.004766354337334633,0.007398148067295551,0.010029934346675873,0.012661728076636791,0.01529352180659771,0.017925314605236053,0.020557109266519547,0.02318890392780304,0.025820696726441383,0.028452489525079727,0.03108428418636322,0.03371607884764671,0.036347873508930206,0.0389796644449234,0.041611459106206894,0.04424325376749039,0.04687504470348358,0.049506839364767075,0.05213863402605057,0.05477042868733406,0.057402223348617554,0.06003401428461075,0.06266580522060394,0.06529760360717773,0.06792939454317093,0.07056119292974472,0.07319298386573792,0.07582477480173111,0.0784565731883049,0.0810883641242981,0.08372016251087189,0.08635195344686508,0.08898374438285828,0.09161554276943207,0.09424733370542526]}}