{"gradients/graph_16features.3.weight":{"_type":"histogram","values":[73728],"bins":[0,0]},"gradients/graph_16classifier.0.bias":{"values":[4096],"bins":[0,0],"_type":"histogram"},"gradients/graph_16features.8.weight":{"values":[589824],"bins":[0,0],"_type":"histogram"},"gradients/graph_16classifier.3.weight":{"_type":"histogram","values":[1.6777216e+07],"bins":[0,0]},"gradients/graph_16features.8.bias":{"bins":[0,0],"_type":"histogram","values":[256]},"val_loss":113783.5005473726,"gradients/graph_16features.6.bias":{"bins":[0,0],"_type":"histogram","values":[256]},"val_accuracy":0.10111464968152867,"gradients/graph_16features.3.bias":{"bins":[0,0],"_type":"histogram","values":[128]},"gradients/graph_16features.0.weight":{"_type":"histogram","values":[576],"bins":[0,0]},"_runtime":135.594015681,"gradients/graph_16classifier.5.weight":{"_type":"histogram","values":[1,0,1,0,0,0,2,3,2,5,3,3,3,8,8,14,19,23,28,46,72,81,133,147,261,335,457,699,1049,1787,3002,6004,12855,5906,2931,1685,1063,671,463,289,237,154,118,91,66,46,39,46,24,18,16,5,9,8,9,3,2,5,2,2,0,0,0,1],"bins":[-1.6613341569900513,-1.610215425491333,-1.5590966939926147,-1.5079779624938965,-1.4568592309951782,-1.40574049949646,-1.3546217679977417,-1.3035030364990234,-1.2523841857910156,-1.2012654542922974,-1.150146722793579,-1.0990279912948608,-1.0479092597961426,-0.9967905282974243,-0.945671796798706,-0.8945530652999878,-0.8434343338012695,-0.7923156023025513,-0.741196870803833,-0.6900781393051147,-0.6389594078063965,-0.5878406167030334,-0.5367218852043152,-0.4856031537055969,-0.43448442220687866,-0.3833656907081604,-0.33224695920944214,-0.2811281979084015,-0.23000946640968323,-0.17889073491096497,-0.1277719885110855,-0.07665324956178665,-0.025534629821777344,0.025584109127521515,0.07670284807682037,0.12782159447669983,0.1789403259754181,0.23005905747413635,0.281177818775177,0.33229655027389526,0.3834152817726135,0.4345340132713318,0.48565274477005005,0.5367714762687683,0.5878902673721313,0.6390089988708496,0.6901277303695679,0.7412464618682861,0.7923651933670044,0.8434839248657227,0.8946026563644409,0.9457213878631592,0.9968401193618774,1.0479588508605957,1.099077582359314,1.1501963138580322,1.20131516456604,1.2524338960647583,1.3035526275634766,1.3546713590621948,1.405790090560913,1.4569088220596313,1.5080275535583496,1.5591462850570679,1.6102650165557861]},"val_f1_score":0.018249044067097972,"_step":19,"gradients/graph_16features.6.weight":{"bins":[0,0],"_type":"histogram","values":[294912]},"train_loss":183742.578125,"_wandb":{"runtime":135},"gradients/graph_16classifier.0.weight":{"_type":"histogram","values":[9.437184e+06],"bins":[0,0]},"gradients/graph_16classifier.3.bias":{"values":[1,0,1,0,0,0,1,0,2,1,3,2,4,3,8,5,8,15,18,22,44,40,59,63,90,105,124,141,146,164,213,192,222,243,219,198,223,218,181,163,130,145,98,105,95,82,65,45,46,34,23,20,14,10,16,4,7,8,0,2,1,1,2,1],"bins":[-22.209918975830078,-21.57396125793457,-20.938003540039062,-20.302045822143555,-19.666088104248047,-19.03013038635254,-18.39417266845703,-17.758214950561523,-17.122257232666016,-16.48630142211914,-15.850342750549316,-15.214385032653809,-14.578428268432617,-13.94247055053711,-13.306512832641602,-12.670555114746094,-12.034597396850586,-11.398639678955078,-10.76268196105957,-10.126724243164062,-9.490766525268555,-8.854809761047363,-8.218852043151855,-7.582894325256348,-6.94693660736084,-6.310978889465332,-5.675021171569824,-5.039063930511475,-4.403106212615967,-3.767148494720459,-3.1311910152435303,-2.4952335357666016,-1.8592777252197266,-1.2233201265335083,-0.58736252784729,0.04859507083892822,0.6845526695251465,1.3205102682113647,1.956467866897583,2.5924253463745117,3.2283830642700195,3.8643407821655273,4.500298500061035,5.136255741119385,5.772213459014893,6.4081711769104,7.04412841796875,7.680086135864258,8.316043853759766,8.952001571655273,9.587959289550781,10.223917007446289,10.859874725341797,11.495831489562988,12.131789207458496,12.767746925354004,13.403704643249512,14.03966236114502,14.675620079040527,15.311577796936035,15.947534561157227,16.583492279052734,17.219449996948242,17.85540771484375,18.491365432739258],"_type":"histogram"},"epoch":9,"gradients/graph_16classifier.5.bias":{"bins":[-0.15625,-0.148681640625,-0.14111328125,-0.133544921875,-0.1259765625,-0.118408203125,-0.11083984375,-0.103271484375,-0.095703125,-0.088134765625,-0.08056640625,-0.072998046875,-0.0654296875,-0.057861328125,-0.05029296875,-0.042724609375,-0.03515625,-0.027587890625,-0.02001953125,-0.012451171875,-0.0048828125,0.002685546875,0.01025390625,0.017822265625,0.025390625,0.032958984375,0.04052734375,0.048095703125,0.0556640625,0.063232421875,0.07080078125,0.078369140625,0.0859375,0.093505859375,0.10107421875,0.108642578125,0.1162109375,0.123779296875,0.13134765625,0.138916015625,0.146484375,0.154052734375,0.16162109375,0.169189453125,0.1767578125,0.184326171875,0.19189453125,0.199462890625,0.20703125,0.214599609375,0.22216796875,0.229736328125,0.2373046875,0.244873046875,0.25244140625,0.260009765625,0.267578125,0.275146484375,0.28271484375,0.290283203125,0.2978515625,0.305419921875,0.31298828125,0.320556640625,0.328125],"_type":"histogram","values":[1,0,1,0,0,0,0,0,1,0,1,0,0,0,2,0,0,0,0,0,0,0,1,0,1,0,0,0,0,0,0,0,0,0,0,0,0,0,0,0,0,0,0,0,0,1,0,0,0,0,0,0,0,0,0,0,0,0,0,0,0,0,0,1]},"_timestamp":1.7387234351658998e+09,"gradients/graph_16features.0.bias":{"values":[64],"bins":[0,0],"_type":"histogram"}}