{"gradients/graph_27features.0.weight":{"bins":[0,0],"_type":"histogram","values":[576]},"_runtime":67.587859793,"_wandb":{"runtime":67},"_timestamp":1.7387240904152842e+09,"gradients/graph_27classifier.0.bias":{"_type":"histogram","values":[4096],"bins":[0,0]},"gradients/graph_27features.0.bias":{"values":[64],"bins":[0,0],"_type":"histogram"},"gradients/graph_27features.6.weight":{"values":[294912],"bins":[0,0],"_type":"histogram"},"gradients/graph_27classifier.3.bias":{"values":[2,3,5,2,3,3,10,8,9,12,20,21,29,44,49,64,68,72,111,95,123,149,189,180,175,208,223,217,205,224,184,203,156,151,147,126,105,89,95,68,49,41,34,30,20,14,16,15,7,5,3,3,1,4,1,1,2,1,0,1,0,0,0,1],"bins":[-15.867630004882812,-15.298039436340332,-14.728448867797852,-14.158857345581055,-13.589266777038574,-13.019676208496094,-12.450084686279297,-11.880494117736816,-11.310903549194336,-10.741312980651855,-10.171722412109375,-9.602130889892578,-9.032540321350098,-8.462949752807617,-7.8933587074279785,-7.32376766204834,-6.754177093505859,-6.184586524963379,-5.61499547958374,-5.045404434204102,-4.475813865661621,-3.9062230587005615,-3.336632251739502,-2.7670414447784424,-2.197450637817383,-1.6278598308563232,-1.0582690238952637,-0.4886782169342041,0.08091259002685547,0.650503396987915,1.2200942039489746,1.7896850109100342,2.3592758178710938,2.9288666248321533,3.498457431793213,4.068048477172852,4.637639045715332,5.2072296142578125,5.776820659637451,6.34641170501709,6.91600227355957,7.485592842102051,8.055183410644531,8.624774932861328,9.194365501403809,9.763956069946289,10.333547592163086,10.903138160705566,11.472728729248047,12.042319297790527,12.611909866333008,13.181501388549805,13.751091957092285,14.320682525634766,14.890274047851562,15.459864616394043,16.029455184936523,16.59904670715332,17.168636322021484,17.73822784423828,18.307819366455078,18.877408981323242,19.44700050354004,20.016590118408203,20.586181640625],"_type":"histogram"},"gradients/graph_27classifier.3.weight":{"values":[1.6777216e+07],"bins":[0,0],"_type":"histogram"},"gradients/graph_27features.3.weight":{"bins":[0,0],"_type":"histogram","values":[73728]},"gradients/graph_27features.6.bias":{"_type":"histogram","values":[256],"bins":[0,0]},"train_loss":1619.0567626953125,"gradients/graph_27features.8.weight":{"_type":"histogram","values":[589824],"bins":[0,0]},"gradients/graph_27features.3.bias":{"bins":[0,0],"_type":"histogram","values":[128]},"epoch":4,"val_accuracy":0.11355493630573249,"gradients/graph_27features.8.bias":{"bins":[0,0],"_type":"histogram","values":[256]},"gradients/graph_27classifier.5.weight":{"_type":"histogram","values":[2,0,1,0,1,1,0,2,0,3,2,5,5,5,13,13,7,22,23,27,47,59,89,96,164,207,255,303,486,660,1057,1517,2411,4221,10436,7216,4091,2534,1537,1013,670,463,320,255,181,131,78,82,65,51,29,21,21,12,8,13,6,9,4,3,3,1,2,1],"bins":[-1.127036690711975,-1.0948172807693481,-1.0625978708267212,-1.0303784608840942,-0.9981590509414673,-0.9659396409988403,-0.9337202310562134,-0.9015008211135864,-0.8692814111709595,-0.8370619416236877,-0.8048425316810608,-0.7726231217384338,-0.7404037117958069,-0.7081843018531799,-0.675964891910553,-0.643745481967926,-0.6115260720252991,-0.5793066620826721,-0.5470872521400452,-0.5148678421974182,-0.48264843225479126,-0.4504289925098419,-0.41820958256721497,-0.385990172624588,-0.35377076268196106,-0.3215513527393341,-0.28933194279670715,-0.2571125328540802,-0.22489310801029205,-0.1926736980676651,-0.16045427322387695,-0.12823486328125,-0.09601545333862305,-0.0637960433959961,-0.031576626002788544,0.0006427876651287079,0.03286220133304596,0.06508161127567291,0.09730102866888046,0.129520446062088,0.16173985600471497,0.19395926594734192,0.22617867588996887,0.2583980858325958,0.29061752557754517,0.3228369355201721,0.3550563454627991,0.387275755405426,0.419495165348053,0.45171457529067993,0.4839339852333069,0.5161533951759338,0.5483728051185608,0.5805922150611877,0.6128116250038147,0.6450310349464417,0.6772505044937134,0.7094699144363403,0.7416893243789673,0.7739087343215942,0.8061281442642212,0.8383475542068481,0.8705669641494751,0.902786374092102,0.935005784034729]},"val_f1_score":0.020238904283806657,"gradients/graph_27classifier.0.weight":{"_type":"histogram","values":[9.437184e+06],"bins":[0,0]},"_step":9,"val_loss":1852.110487628135,"gradients/graph_27classifier.5.bias":{"values":[1,0,1,0,0,0,0,1,0,2,0,1,0,0,0,0,0,0,0,0,0,1,0,0,0,0,0,0,1,0,0,0,0,0,0,0,0,0,0,0,0,0,0,0,0,0,0,0,0,0,0,0,0,0,0,0,0,0,0,1,0,0,0,1],"bins":[-0.140625,-0.1340332180261612,-0.1274414360523224,-0.12084964662790298,-0.11425785720348358,-0.10766607522964478,-0.10107429325580597,-0.09448250383138657,-0.08789072185754776,-0.08129893988370895,-0.07470715045928955,-0.06811536848545074,-0.06152358278632164,-0.054931797087192535,-0.04834001511335373,-0.041748229414224625,-0.03515644371509552,-0.028564658015966415,-0.02197287417948246,-0.01538108941167593,-0.0087893046438694,-0.00219751987606287,0.00439426489174366,0.01098604965955019,0.01757783442735672,0.024169620126485825,0.03076140396296978,0.037353187799453735,0.04394497349858284,0.050536759197711945,0.05712854117155075,0.06372033059597015,0.07031211256980896,0.07690389454364777,0.08349568396806717,0.09008746594190598,0.09667925536632538,0.10327103734016418,0.10986281931400299,0.1164546087384224,0.1230463907122612,0.1296381801366806,0.1362299621105194,0.14282174408435822,0.14941352605819702,0.15600530803203583,0.16259710490703583,0.16918888688087463,0.17578066885471344,0.18237245082855225,0.18896423280239105,0.19555602967739105,0.20214781165122986,0.20873959362506866,0.21533137559890747,0.22192315757274628,0.22851493954658508,0.23510673642158508,0.2416985183954239,0.2482903003692627,0.2548820972442627,0.2614738643169403,0.2680656611919403,0.2746574282646179,0.2812492251396179],"_type":"histogram"}}