{"num_fusion_networks":1,"epoch":24,"train_loss":0.8216902378627232,"crossover_prob":0.8,"best_fusion_accuracy":89.11111111111111,"avg_accuracy":46.277777777777786,"_runtime":5990.155644318,"_timestamp":1.738900520194046e+09,"mutate_prob":0.4,"test_loss":0.7765543558862474,"train_accuracy":0.8251953125,"num_parents_survived":2,"evolution_iteration":29,"num_children_generated":-1,"test_accuracy":0.8733333333333333,"_step":3059,"num_backbones_selected":2,"avg_fusion_accuracy":89.11111111111111,"best_accuracy":54.44444444444444,"_wandb":{"runtime":5990}}